index,re,im
0,0.707106769,0.000000000
1,0.000000000,0.000000000
2,0.000000000,0.000000000
3,0.707106769,0.000000000
