index,re,im
0,-0.000030524,0.000000000
1,0.000000000,0.000000000
2,0.000000000,0.000000000
3,-1.000000000,0.000000000
