index,re,im
0,0.500000000,0.000000000
1,0.500000000,0.000000000
2,0.500000000,0.000000000
3,0.500000000,0.000000000
